,exog,endog,MI_XY,Norm_MI_XY,p_value_XY,z_score_XY,Ave_MI_XY
0,0,1,0.3614422942114386,0.1069135646719357,0.0,21.99326331656712,-0.01996898968232528
