,exog,endog,MI_XY,Norm_MI_XY,p_value_XY,z_score_XY,Ave_MI_XY
0,0,1,0.47539231262497417,0.14014594265182886,0.0,37.315326074470505,-0.022676705037224965
