,exog,endog,TE_XY,p_value_XY,z_score_XY,Ave_TE_XY,ETE_XY
0,0,1,0.00025747023462713834,0.85,-0.6645277440244961,0.0036567744223281844,-0.0033993041877010462
1,1,0,0.000310805798417873,0.7,-0.7910124518278001,0.0025676987433885653,-0.0022568929449706923
