,exog,endog,TE_XY,p_value_XY,z_score_XY,Ave_TE_XY,ETE_XY
0,0,1,0.00363478543293748,0.3,0.24518102643147335,0.0027690028493000973,0.0008657825836373826
1,1,0,0.007075222243170047,0.0,3.118799636942128,0.001742494571609484,0.005332727671560563
2,0,2,0.0037077168161774392,0.4,-0.16564167430898816,0.004532946707761317,-0.0008252298915838777
3,2,0,0.013723277894876556,0.0,3.4369358534900414,0.002982716768879133,0.010740561125997423
4,1,2,0.0015150739693845644,0.55,-0.537131885336355,0.003506303938256446,-0.0019912299688718818
5,2,1,0.014976918309434158,0.1,1.5397873087627865,0.005579981132128575,0.009396937177305583
