,exog,endog,TE_XY,p_value_XY,z_score_XY,Ave_TE_XY,ETE_XY
0,0,1,9.535621306561024e-05,0.85,-0.8442235887303796,0.0021380886972788837,-0.0020427324842132734
1,1,0,0.007199581547074494,0.05,2.7470193140187016,0.0017943539230264656,0.005405227624048029
2,0,2,2.9955134509908547e-06,0.95,-0.8528453307500207,0.0024231889283384033,-0.0024201934148874124
3,2,0,0.0017894063667748164,0.35,-0.2750872409252551,0.002691706101038264,-0.0009022997342634476
4,1,2,0.009891636223297999,0.2,0.4809155241857467,0.00675859832129596,0.003133037902002039
5,2,1,0.013754087204915576,0.15,1.736688506820833,0.003754794762660799,0.009999292442254776
