,exog,endog,TE_XY,p_value_XY,z_score_XY,Ave_TE_XY,ETE_XY
0,0,1,0.0023241142866421045,0.45,-0.41769610209578906,0.00700403536276097,-0.004679921076118866
1,1,0,0.018830926230620458,0.0,7.3113657277423725,0.0020672380587590743,0.016763688171861385
2,0,2,0.007622767802582491,0.2,0.29474649661641683,0.0052844521630617675,0.0023383156395207234
3,2,0,0.00018033692759598344,0.8,-0.7370246265802852,0.0047882504833129756,-0.004607913555716992
4,1,2,0.02890790971970116,0.0,9.245558062264163,0.003270680356131776,0.025637229363569384
5,2,1,0.020869460520498775,0.0,2.837554107684979,0.005041083793399583,0.01582837672709919
