,exog,endog,TE_XY,p_value_XY,z_score_XY,Ave_TE_XY,ETE_XY
0,0,1,0.018123353104631867,0.15,0.9613739347925067,0.0037006144315124166,0.01442273867311945
1,1,0,0.016939587218907537,0.0,2.3400673083279093,-0.0017016622545314108,0.018641249473438946
2,0,2,-0.006457016061954146,0.6,-0.3140011968102333,-0.00010805208420789913,-0.006348963977746247
3,2,0,0.053370670711115675,0.05,3.062590524128195,-0.00578187647731907,0.05915254718843475
4,1,2,-0.012740347190415502,0.85,-0.8168791529219859,0.0008045367267318637,-0.013544883917147366
5,2,1,0.02388077146605827,0.15,1.1125158804682178,-0.0013831959234266833,0.025263967389484953
