,exog,endog,TE_XY,p_value_XY,z_score_XY,Ave_TE_XY,ETE_XY
0,0,1,-0.00979624217317765,0.15,1.607243532597912,-0.03611837792967339,0.026322135756495738
1,1,0,0.03243060795805919,0.0,3.188554766668028,-0.033878038913700316,0.0663086468717595
2,0,2,-0.00198351369646943,0.1,0.6578196564005431,-0.020535723507604464,0.018552209811135034
3,2,0,-0.011299911841756494,0.35,0.49836809111665176,-0.020503860697986865,0.009203948856230371
4,1,2,0.029215051139510173,0.0,2.807364709813494,-0.021849731042411103,0.05106478218192127
5,2,1,-0.008278378193006919,0.0,1.812046141209015,-0.030903421574840696,0.022625043381833777
