,exog,endog,TE_XY,p_value_XY,z_score_XY,Ave_TE_XY,ETE_XY
0,0,1,0.0021121632319983027,0.45,-0.44577724741476477,0.0041993574301842735,-0.002087194198185971
1,1,0,0.00014994342100301068,0.85,-0.5656911797389826,0.0049282676502188025,-0.004778324229215792
2,0,2,0.00035364226390399836,0.85,-0.8567689756395447,0.0030523074404383487,-0.0026986651765343503
3,2,0,0.004378352282821307,0.3,0.10895144135655187,0.0037567936612714716,0.000621558621549835
4,1,2,0.00031415117060478077,0.85,-0.85659411501248,0.00673829318687304,-0.006424142016268259
5,2,1,0.001011441217885492,0.6,-0.47516063195197755,0.004967845809352637,-0.003956404591467145
