,exog,endog,TE_XY,p_value_XY,z_score_XY,Ave_TE_XY,ETE_XY
0,0,1,0.0035944643861704787,0.4,-0.1913628922100224,0.0044900421121411155,-0.0008955777259706367
1,1,0,1.6545763408990661e-06,1.0,-0.7325454126170774,0.003705132621825716,-0.003703478045484817
2,0,2,0.006891304818234022,0.05,2.9575986271547703,0.001460373254115243,0.005430931564118779
3,2,0,0.0003440186063870376,0.75,-0.8070271579400755,0.003334002282096098,-0.0029899836757090606
4,1,2,0.00039340323377082324,0.9,-0.9496352310924281,0.002571798219987635,-0.002178394986216812
5,2,1,0.0004037767482256968,0.75,-0.813524054684436,0.005451014124784452,-0.005047237376558756
