,exog,endog,TE_XY,p_value_XY,z_score_XY,Ave_TE_XY,ETE_XY
0,0,1,-0.003397316177560672,0.4,0.225113087052087,-0.008782194346936344,0.005384878169375672
1,1,0,-0.00064936406680971,0.3,0.2965400197838082,-0.006886550386002566,0.006237186319192856
2,0,2,0.003934597023072861,0.15,0.6021666937809982,-0.005895034371411234,0.009829631394484095
3,2,0,0.00440482091799943,0.25,0.4271725201521477,-0.002465144368459482,0.006869965286458913
4,1,2,-0.015145671394792615,0.6,-0.255914566573257,-0.011192091758013079,-0.003953579636779536
5,2,1,0.008410685860234413,0.05,1.4212280183149213,-0.014258768528628285,0.022669454388862698
